{
   "distortion" : {
      "cx" : 327.42351078312959,
      "cy" : 226.37245107757548,
      "free_scaling" : 0.76000000000000001,
      "fx" : 367.64011308133553,
      "fy" : 369.78762701952905,
      "lens_coefficients" : {
         "k1" : -4.4629144705016373,
         "k2" : 5.265828281837365,
         "k3" : 1.0614890739629297,
         "k4" : -4.0369924509339405,
         "k5" : 3.2919575622014485,
         "k6" : 3.6466789225065139,
         "p1" : 0.0003698568614962829,
         "p2" : 0.00073348983237189573
      }
   }
}
